id,first_name,last_name,email,gender,ip_address
1,Crista,Rennox,crennox0@ebay.co.uk,Female,246.124.220.3
2,Tye,Ducker,tducker1@dropbox.com,Genderfluid,189.43.252.54
3,Currey,Rome,crome2@xrea.com,Female,55.158.197.54
4,Rhett,Vauter,rvauter3@nhs.uk,Female,185.178.93.50
5,Georgina,Manston,gmanston4@mozilla.com,Female,190.247.217.157
6,Dyna,McCadden,dmccadden5@wordpress.org,Female,94.195.42.226
7,Allyn,Goreway,agoreway6@mail.ru,Male,177.219.77.150
8,Dina,Hailey,dhailey7@ucla.edu,Female,72.97.172.244
9,Ximenez,Osichev,xosichev8@devhub.com,Genderfluid,114.199.239.11
10,Evered,Gurnell,egurnell9@ca.gov,Male,68.245.56.50
11,Donalt,Madsen,dmadsena@last.fm,Male,209.169.83.50
12,Moises,O'Driscole,modriscoleb@mit.edu,Female,250.153.86.117
13,Regan,Claughton,rclaughtonc@ft.com,Polygender,62.133.231.255
14,Audry,Oxtarby,aoxtarbyd@house.gov,Male,187.42.234.31
15,Wendell,Blanckley,wblanckleye@ucla.edu,Female,106.133.63.79
16,Osmond,Bonnefin,obonnefinf@skyrock.com,Female,135.40.7.178
17,Corine,Haxbie,chaxbieg@tripadvisor.com,Agender,205.63.77.208
18,Nichols,Blaxill,nblaxillh@cloudflare.com,Female,123.209.240.61
19,Colan,Mellmoth,cmellmothi@cornell.edu,Female,52.107.9.202
20,Mathilde,Stockhill,mstockhillj@economist.com,Genderfluid,138.127.214.15
21,Cart,Schulze,cschulzek@com.com,Female,136.6.141.10
22,Arlin,Eakens,aeakensl@usgs.gov,Female,37.25.88.234
23,Conan,Klaas,cklaasm@usnews.com,Male,212.6.133.161
24,Frederique,Nappin,fnappinn@fema.gov,Male,189.14.223.114
25,Niki,Mainston,nmainstono@nature.com,Male,67.183.192.26
26,Marten,Van den Dael,mvandendaelp@ocn.ne.jp,Agender,18.187.78.115
27,Milissent,Antram,mantramq@virginia.edu,Male,158.87.78.147
28,Bo,Gatlin,bgatlinr@canalblog.com,Female,78.6.209.54
29,Mic,Patterson,mpattersons@yelp.com,Male,173.73.184.49
30,Marcello,Darke,mdarket@vistaprint.com,Female,62.165.240.220
31,Harrietta,Sheldrake,hsheldrakeu@time.com,Female,228.35.112.152
32,Benedick,Luckes,bluckesv@purevolume.com,Polygender,46.48.159.222
33,Ingar,Barneveld,ibarneveldw@cnbc.com,Female,208.100.19.107
34,Annabelle,Wychard,awychardx@cam.ac.uk,Female,105.42.162.3
35,Jenda,Bastistini,jbastistiniy@newyorker.com,Male,148.102.72.210
36,Johnna,Maren,jmarenz@typepad.com,Agender,179.50.152.115
37,Ambrosius,Yarnley,ayarnley10@simplemachines.org,Bigender,4.130.49.203
38,Jenine,Thomke,jthomke11@biglobe.ne.jp,Agender,189.214.231.208
39,Calley,Raynard,craynard12@gizmodo.com,Male,255.0.27.100
40,Davine,Boorman,dboorman13@apache.org,Female,176.82.193.121
41,Magdalen,Heinl,mheinl14@icq.com,Female,97.13.205.214
42,Clevie,Crichmere,ccrichmere15@friendfeed.com,Female,116.17.213.17
43,Rosemary,Borell,rborell16@imdb.com,Female,74.201.248.117
44,Christiane,Guilloux,cguilloux17@aol.com,Male,149.77.100.146
45,Amargo,Ludlow,aludlow18@un.org,Female,13.0.35.21
46,Milly,Etoile,metoile19@house.gov,Female,170.21.228.23
47,Estrellita,Boole,eboole1a@360.cn,Female,235.41.173.138
48,Cordi,Coorington,ccoorington1b@comsenz.com,Male,7.235.220.104
49,Gayle,Macvain,gmacvain1c@amazonaws.com,Female,151.101.219.127
50,Vite,Schukraft,vschukraft1d@youtube.com,Male,149.13.233.12
51,Taddeusz,Torrijos,ttorrijos1e@rediff.com,Agender,133.185.53.254
52,Roda,Aubrey,raubrey1f@youtu.be,Female,46.205.25.252
53,Margalo,Yandell,myandell1g@pen.io,Female,35.200.177.0
54,Atlanta,Beetles,abeetles1h@printfriendly.com,Female,148.131.11.37
55,Thor,Paolazzi,tpaolazzi1i@discuz.net,Female,160.243.4.63
56,Pearline,Hedau,phedau1j@wiley.com,Genderfluid,125.123.70.29
57,Baxie,Kennerley,bkennerley1k@blinklist.com,Female,37.81.131.26
58,Glennie,Laurenceau,glaurenceau1l@zimbio.com,Female,120.59.244.101
59,Fernando,Kordovani,fkordovani1m@seesaa.net,Male,233.136.212.83
60,Caritta,Beebe,cbeebe1n@cafepress.com,Female,132.154.32.47
61,Andrey,Beardow,abeardow1o@businesswire.com,Female,117.112.44.36
62,Shermy,Cheale,scheale1p@msn.com,Male,62.32.234.32
63,Juliette,Brandon,jbrandon1q@sina.com.cn,Female,248.155.162.100
64,Tamas,Di Iorio,tdiiorio1r@ft.com,Male,35.43.124.121
65,Hildagard,Shaefer,hshaefer1s@prweb.com,Female,192.18.10.167
66,Starlene,Troy,stroy1t@php.net,Female,76.253.143.239
67,Mason,Widmore,mwidmore1u@whitehouse.gov,Female,80.121.134.164
68,Gerladina,Frankcomb,gfrankcomb1v@hud.gov,Female,93.146.156.237
69,Latashia,Grafhom,lgrafhom1w@indiegogo.com,Male,244.72.107.135
70,Zorina,Wickersley,zwickersley1x@time.com,Female,196.9.115.139
71,Codie,Edmondson,cedmondson1y@techcrunch.com,Genderfluid,68.214.116.45
72,Orsa,Gilliat,ogilliat1z@zdnet.com,Male,253.88.209.203
73,Brok,Basezzi,bbasezzi20@aol.com,Female,180.148.116.39
74,Rosalyn,Calvard,rcalvard21@weather.com,Female,184.46.205.210
75,Brena,Atkin,batkin22@freewebs.com,Female,231.125.17.207
76,Meggi,Neave,mneave23@icq.com,Female,180.92.50.97
77,Leyla,Folkerd,lfolkerd24@symantec.com,Male,83.143.116.238
78,Aldin,McGilmartin,amcgilmartin25@blogspot.com,Female,249.156.208.115
79,Bev,Wettern,bwettern26@slideshare.net,Genderfluid,38.27.54.86
80,Park,Corneille,pcorneille27@example.com,Female,130.143.91.207
81,Osmund,Versey,oversey28@businessinsider.com,Bigender,237.240.127.232
82,Jeanie,Kincaid,jkincaid29@bizjournals.com,Male,229.78.39.233
83,Bendix,Pasley,bpasley2a@zimbio.com,Male,34.243.100.176
84,Edgar,Stennet,estennet2b@seesaa.net,Female,207.99.59.197
85,Keenan,Rex,krex2c@mashable.com,Female,51.107.205.244
86,Rodge,Grinov,rgrinov2d@aboutads.info,Female,174.29.47.77
87,Der,Findlay,dfindlay2e@domainmarket.com,Female,109.22.3.39
88,Aurlie,Witnall,awitnall2f@storify.com,Female,79.162.80.106
89,Edithe,O' Mara,eomara2g@usatoday.com,Male,205.15.117.224
90,Peggy,Lafferty,plafferty2h@prweb.com,Female,82.44.253.248
91,Bevvy,McKain,bmckain2i@go.com,Male,217.15.159.225
92,Amandie,Mant,amant2j@answers.com,Male,225.185.100.199
93,Maggy,Geddes,mgeddes2k@rakuten.co.jp,Female,65.254.64.123
94,Lawrence,MacSweeney,lmacsweeney2l@homestead.com,Female,204.111.77.235
95,Bucky,Tollady,btollady2m@goo.gl,Male,39.197.2.116
96,Evangelina,Scemp,escemp2n@whitehouse.gov,Male,47.252.127.149
97,Roy,Ibbott,ribbott2o@go.com,Female,61.251.22.30
98,Petunia,Note,pnote2p@ted.com,Agender,118.134.102.90
99,Tuckie,Barock,tbarock2q@a8.net,Female,21.92.137.211
100,Bernhard,Toffoletto,btoffoletto2r@ca.gov,Male,17.27.3.28
101,Madalyn,O'Reilly,moreilly2s@bbc.co.uk,Female,47.186.145.130
102,Aile,Houseman,ahouseman2t@latimes.com,Female,104.43.96.54
103,Abraham,Vassbender,avassbender2u@google.cn,Male,63.111.11.202
104,Thorpe,Stovin,tstovin2v@youku.com,Female,115.83.183.190
105,Karine,Rizziello,krizziello2w@webmd.com,Male,190.192.180.163
106,Adriena,Jinkins,ajinkins2x@histats.com,Male,79.57.164.62
107,Ruthanne,Wroth,rwroth2y@studiopress.com,Female,235.33.2.212
108,Orson,Hinkley,ohinkley2z@google.com.hk,Male,66.164.37.67
109,Zaneta,MacGebenay,zmacgebenay30@wordpress.org,Male,44.41.216.226
110,Shamus,Feldmann,sfeldmann31@examiner.com,Genderfluid,48.230.139.236
111,Ingra,O'Drought,iodrought32@yahoo.co.jp,Genderfluid,6.37.250.214
112,Wendi,Foye,wfoye33@webeden.co.uk,Female,190.200.171.237
113,Mona,Stoltz,mstoltz34@go.com,Polygender,97.118.88.230
114,Gusella,Pollastrone,gpollastrone35@studiopress.com,Male,234.181.156.203
115,Donall,Filpo,dfilpo36@ftc.gov,Female,229.170.199.11
116,Roley,Stodd,rstodd37@chron.com,Male,232.161.222.1
117,Celeste,Druitt,cdruitt38@npr.org,Male,159.11.60.200
118,Maurits,Ullett,mullett39@uiuc.edu,Female,146.205.123.188
119,Susi,Warwicker,swarwicker3a@mit.edu,Female,179.252.247.18
120,Priscilla,Jolliss,pjolliss3b@hostgator.com,Male,238.169.206.107
121,Ginger,Moye,gmoye3c@narod.ru,Female,237.43.107.156
122,Courtenay,Pittman,cpittman3d@nature.com,Female,226.183.79.69
123,Ania,Raulston,araulston3e@umich.edu,Male,189.215.72.186
124,Adriano,Holdall,aholdall3f@craigslist.org,Female,162.228.63.224
125,Geralda,Antonioni,gantonioni3g@ft.com,Male,182.84.3.214
126,Carmen,Corrado,ccorrado3h@weather.com,Male,37.255.213.252
127,Fran,Coonihan,fcoonihan3i@facebook.com,Male,169.224.189.185
128,Ruprecht,Kenson,rkenson3j@epa.gov,Female,158.252.105.140
129,Germayne,Calderbank,gcalderbank3k@mysql.com,Male,37.184.97.26
130,Stephenie,Brownsey,sbrownsey3l@mtv.com,Female,238.177.107.216
131,Dynah,Rubinsaft,drubinsaft3m@nationalgeographic.com,Female,15.163.68.246
132,Julie,Aers,jaers3n@livejournal.com,Female,32.37.154.196
133,Kendrick,Sazio,ksazio3o@si.edu,Male,23.32.174.202
134,Trudy,Figiovanni,tfigiovanni3p@digg.com,Male,34.233.35.149
135,Ahmed,Ratcliff,aratcliff3q@theguardian.com,Female,193.96.84.73
136,Leif,Luesley,lluesley3r@jimdo.com,Male,101.226.245.195
137,Claudetta,Bank,cbank3s@twitter.com,Female,144.27.108.144
138,Coralie,Quantick,cquantick3t@cisco.com,Female,206.92.0.82
139,Nils,Rohloff,nrohloff3u@hatena.ne.jp,Male,187.74.202.252
140,Verne,Andrick,vandrick3v@odnoklassniki.ru,Male,168.23.38.235
141,Jania,Awton,jawton3w@cdbaby.com,Female,145.246.82.95
142,Byrom,Cancellor,bcancellor3x@techcrunch.com,Male,152.38.170.160
143,Roderic,Petel,rpetel3y@1und1.de,Male,255.23.141.175
144,Randie,Galtone,rgaltone3z@tripod.com,Male,206.96.21.0
145,Kristoforo,Smy,ksmy40@flavors.me,Genderqueer,38.111.52.207
146,Gauthier,Redmond,gredmond41@so-net.ne.jp,Male,73.11.64.113
147,Lorene,Calan,lcalan42@linkedin.com,Female,5.81.99.116
148,Luelle,Scruton,lscruton43@usgs.gov,Male,117.113.139.97
149,Vlad,Castel,vcastel44@phpbb.com,Female,220.148.217.254
150,Kristos,Della Scala,kdellascala45@irs.gov,Female,129.126.9.217
151,Harriot,Sailor,hsailor46@ibm.com,Male,58.43.49.197
152,Netta,Warrington,nwarrington47@rakuten.co.jp,Female,196.64.161.249
153,Waylan,Minster,wminster48@nhs.uk,Female,125.52.59.38
154,Benton,Ochiltree,bochiltree49@baidu.com,Male,223.84.249.54
155,Piggy,Hillhouse,phillhouse4a@google.cn,Female,255.128.247.189
156,Dannie,Job,djob4b@is.gd,Female,130.212.136.67
157,Nertie,Godfroy,ngodfroy4c@flavors.me,Female,22.14.243.147
158,Tyne,Hobgen,thobgen4d@home.pl,Male,156.218.125.219
159,Bonni,Pitkeathley,bpitkeathley4e@domainmarket.com,Male,114.118.63.67
160,Lovell,Labeuil,llabeuil4f@devhub.com,Female,249.148.170.110
161,Ediva,Coughtrey,ecoughtrey4g@jalbum.net,Female,99.127.52.211
162,Cris,Bowland,cbowland4h@google.co.uk,Bigender,150.31.254.106
163,Ewell,Charter,echarter4i@youtube.com,Male,37.53.189.44
164,Griffie,Sailer,gsailer4j@nps.gov,Male,14.194.31.180
165,Lura,Daws,ldaws4k@spotify.com,Genderqueer,154.125.214.187
166,Neale,Kitcher,nkitcher4l@usatoday.com,Male,210.70.160.37
167,Patin,Mahody,pmahody4m@opera.com,Male,47.96.64.56
168,Stu,Normavill,snormavill4n@mysql.com,Female,203.198.119.190
169,Bella,McEttigen,bmcettigen4o@jiathis.com,Female,153.244.205.68
170,Basilio,Eles,beles4p@blogspot.com,Female,183.89.177.149
171,Paxton,Raffan,praffan4q@paginegialle.it,Female,27.104.72.69
172,Garrot,Cranson,gcranson4r@lycos.com,Female,73.214.183.110
173,Anastassia,Cordon,acordon4s@lulu.com,Female,45.25.194.161
174,Rocky,Ohrt,rohrt4t@ovh.net,Male,81.224.139.217
175,Ty,Pardey,tpardey4u@example.com,Female,216.212.141.170
176,Meghan,Oldaker,moldaker4v@technorati.com,Male,53.80.194.74
177,Linoel,Lamcken,llamcken4w@reference.com,Male,102.35.142.209
178,Goraud,Attwater,gattwater4x@netvibes.com,Female,26.129.14.87
179,Nefen,Kauffman,nkauffman4y@marketwatch.com,Female,175.118.99.234
180,Christine,Revance,crevance4z@cloudflare.com,Female,204.120.224.70
181,Reube,Hayselden,rhayselden50@opensource.org,Male,94.14.174.230
182,Robenia,Doneld,rdoneld51@taobao.com,Male,176.63.186.13
183,Justino,Regus,jregus52@over-blog.com,Male,60.174.9.224
184,Frannie,Hughes,fhughes53@squarespace.com,Agender,9.186.240.199
185,Quinn,Armatidge,qarmatidge54@unc.edu,Male,184.236.137.194
186,Mickey,Bankhurst,mbankhurst55@nyu.edu,Male,106.31.37.203
187,Dolph,Deppe,ddeppe56@squidoo.com,Female,53.197.37.45
188,Teresita,Kench,tkench57@wunderground.com,Male,85.131.182.108
189,Malva,Drysdale,mdrysdale58@chron.com,Female,189.222.88.170
190,Shauna,Turnell,sturnell59@technorati.com,Male,64.223.135.28
191,De,Aspinal,daspinal5a@economist.com,Male,66.84.118.49
192,Kingston,Blackwood,kblackwood5b@icio.us,Female,1.202.240.39
193,Cord,Beels,cbeels5c@webmd.com,Female,18.174.228.226
194,Oates,Lisciandri,olisciandri5d@xrea.com,Female,90.204.37.76
195,Land,Fairclough,lfairclough5e@aboutads.info,Female,172.100.62.127
196,Hew,Huyton,hhuyton5f@ucla.edu,Male,87.93.221.109
197,Brig,Wakeley,bwakeley5g@hhs.gov,Male,217.184.76.249
198,Crichton,Sans,csans5h@weibo.com,Male,39.225.207.235
199,Abrahan,Lipgens,alipgens5i@people.com.cn,Female,125.147.232.184
200,Binky,Beddin,bbeddin5j@cornell.edu,Male,55.100.111.168
201,Malachi,felip,mfelip5k@huffingtonpost.com,Female,110.50.54.4
202,Archer,Sheehan,asheehan5l@ebay.com,Genderfluid,226.127.218.237
203,Dominick,Watt,dwatt5m@mtv.com,Male,181.110.22.113
204,Dido,Hearsey,dhearsey5n@cnn.com,Female,23.156.223.145
205,Emmerich,Waeland,ewaeland5o@slideshare.net,Female,179.136.46.142
206,Alex,Brandt,abrandt5p@yellowpages.com,Female,108.154.143.61
207,Phillipe,Richford,prichford5q@cpanel.net,Bigender,159.32.181.33
208,Demetri,Franzman,dfranzman5r@friendfeed.com,Male,81.45.105.148
209,Tony,Quilliam,tquilliam5s@salon.com,Female,13.115.251.3
210,Miquela,Cawker,mcawker5t@fc2.com,Female,211.186.179.221
211,Celinka,Mellish,cmellish5u@chronoengine.com,Female,249.141.187.188
212,Edouard,Sappson,esappson5v@blogger.com,Male,109.128.88.201
213,Annmarie,McAulay,amcaulay5w@hexun.com,Female,189.68.105.104
214,Aurelea,Thames,athames5x@statcounter.com,Female,46.237.68.200
215,Shaughn,Portigall,sportigall5y@prweb.com,Male,217.61.55.124
216,Sibel,Matuszyk,smatuszyk5z@gnu.org,Genderqueer,59.79.17.185
217,Marin,Hazeley,mhazeley60@discuz.net,Male,112.13.237.192
218,Aviva,Lathan,alathan61@homestead.com,Male,168.44.173.219
219,Lonni,Aindrais,laindrais62@themeforest.net,Female,89.224.249.97
220,Johnette,Raun,jraun63@dailymotion.com,Female,162.124.82.205
221,Annecorinne,Corden,acorden64@360.cn,Female,44.2.42.31
222,Mart,Sussams,msussams65@sina.com.cn,Female,185.187.79.24
223,Alisander,Dafter,adafter66@bloglines.com,Male,139.62.35.25
224,Amitie,Lenz,alenz67@statcounter.com,Male,98.178.51.198
225,Tracey,Lis,tlis68@miitbeian.gov.cn,Male,251.198.245.239
226,Esmeralda,Mc Faul,emcfaul69@diigo.com,Female,59.6.66.45
227,Rasia,Elleray,relleray6a@bbb.org,Male,183.124.59.136
228,Dara,Braine,dbraine6b@cocolog-nifty.com,Male,40.241.105.69
229,Lorry,Beany,lbeany6c@time.com,Genderqueer,211.92.21.221
230,Dina,Sent,dsent6d@360.cn,Female,207.182.37.232
231,Francine,Ivushkin,fivushkin6e@arstechnica.com,Female,220.72.165.239
232,Norris,Legrice,nlegrice6f@yellowbook.com,Female,121.193.217.215
233,Rodi,Benech,rbenech6g@yellowbook.com,Female,29.238.247.212
234,Robbin,Searjeant,rsearjeant6h@issuu.com,Agender,8.10.154.28
235,Meredithe,Amerighi,mamerighi6i@buzzfeed.com,Male,107.136.68.194
236,Swen,Martel,smartel6j@goo.ne.jp,Female,35.83.103.102
237,Lisetta,Bonnier,lbonnier6k@liveinternet.ru,Female,100.95.83.3
238,Philippa,McElory,pmcelory6l@discovery.com,Male,89.210.55.48
239,Modestia,Seddon,mseddon6m@hao123.com,Female,98.60.136.90
240,Lanna,Durram,ldurram6n@desdev.cn,Female,229.47.113.42
241,Collen,McClarence,cmcclarence6o@paypal.com,Male,183.170.18.131
242,Sande,Swabey,sswabey6p@ox.ac.uk,Male,85.100.95.239
243,Durant,Dayborne,ddayborne6q@google.nl,Male,161.19.183.67
244,Damita,Tatlowe,dtatlowe6r@stanford.edu,Male,25.23.201.138
245,Robena,Wight,rwight6s@time.com,Female,233.126.141.93
246,Alwyn,Harfleet,aharfleet6t@un.org,Male,178.129.15.247
247,Selig,Fahy,sfahy6u@cnbc.com,Female,72.249.122.245
248,Elroy,Obispo,eobispo6v@google.de,Bigender,144.121.10.107
249,Amos,Abbes,aabbes6w@youtube.com,Female,90.108.108.207
250,Rosette,Birckmann,rbirckmann6x@free.fr,Male,122.180.41.163
251,Meghann,Tittershill,mtittershill6y@a8.net,Female,15.85.153.30
252,Shela,Coetzee,scoetzee6z@cmu.edu,Male,67.191.71.58
253,Antonius,Barton,abarton70@nationalgeographic.com,Female,129.91.241.144
254,Kylynn,Hoggins,khoggins71@europa.eu,Female,242.246.237.82
255,Pembroke,Roth,proth72@reference.com,Male,170.9.224.0
256,Jareb,Rashleigh,jrashleigh73@bbb.org,Male,81.104.159.76
257,Drona,De Benedetti,ddebenedetti74@microsoft.com,Male,2.202.109.93
258,Karrah,Iron,kiron75@sitemeter.com,Female,144.78.128.37
259,Etienne,Bearcock,ebearcock76@dion.ne.jp,Female,254.82.76.151
260,Lisetta,Salerno,lsalerno77@unesco.org,Male,50.115.66.53
261,Cirilo,Lampard,clampard78@tumblr.com,Male,131.194.54.24
262,Daria,Knott,dknott79@sfgate.com,Male,53.98.136.182
263,Reba,McCallam,rmccallam7a@harvard.edu,Male,184.1.143.251
264,Bell,Aizlewood,baizlewood7b@last.fm,Male,22.246.167.152
265,Gale,Petrolli,gpetrolli7c@loc.gov,Male,172.172.1.42
266,Rolland,Stuer,rstuer7d@dedecms.com,Male,227.78.0.101
267,Sondra,Funcheon,sfuncheon7e@bizjournals.com,Male,171.177.12.244
268,Athene,Margrie,amargrie7f@jalbum.net,Male,204.251.99.143
269,Cristabel,Wyon,cwyon7g@admin.ch,Female,90.22.7.32
270,Regine,Nolot,rnolot7h@ocn.ne.jp,Male,19.195.113.255
271,Currey,Folkerd,cfolkerd7i@cdc.gov,Female,220.55.194.102
272,Bay,Dales,bdales7j@free.fr,Female,243.49.97.74
273,Saunder,Cridland,scridland7k@newyorker.com,Female,86.59.198.184
274,Briny,Fruish,bfruish7l@kickstarter.com,Female,0.236.248.197
275,Libbi,Ronaldson,lronaldson7m@devhub.com,Male,219.248.110.103
276,Eddy,Bart,ebart7n@hostgator.com,Male,135.186.57.211
277,Drusilla,Busfield,dbusfield7o@walmart.com,Female,231.192.186.4
278,Antonella,Harland,aharland7p@usda.gov,Male,105.183.198.218
279,Morgen,De Giorgis,mdegiorgis7q@ezinearticles.com,Male,162.231.152.120
280,Emylee,Tremethack,etremethack7r@icio.us,Female,102.36.11.112
281,Irwin,Bernardt,ibernardt7s@technorati.com,Female,181.248.12.23
282,Merline,Epelett,mepelett7t@tripod.com,Female,246.4.143.253
283,Row,Puddifer,rpuddifer7u@qq.com,Male,230.179.5.157
284,Alejoa,Girvin,agirvin7v@prnewswire.com,Female,235.1.125.212
285,Lincoln,Mein,lmein7w@goodreads.com,Male,124.219.61.123
286,Cheri,Tills,ctills7x@cnn.com,Non-binary,243.205.48.185
287,Gilbertine,Bossingham,gbossingham7y@jigsy.com,Male,236.58.95.114
288,Wright,Birchenhead,wbirchenhead7z@hp.com,Male,41.8.113.71
289,Kevon,Sommerville,ksommerville80@artisteer.com,Female,131.191.77.112
290,Margarette,Hindmore,mhindmore81@1688.com,Female,250.103.211.117
291,Filmer,Looby,flooby82@addtoany.com,Male,126.77.63.228
292,Harley,Ginnally,hginnally83@sitemeter.com,Female,249.53.120.13
293,Veriee,Cordet,vcordet84@cdc.gov,Male,210.143.40.65
294,Jan,Burnel,jburnel85@chicagotribune.com,Male,215.70.99.124
295,Lion,Capponeer,lcapponeer86@wix.com,Male,176.111.26.154
296,Jannel,Ayree,jayree87@xing.com,Male,220.23.200.187
297,Auberon,Huntriss,ahuntriss88@moonfruit.com,Male,61.103.105.31
298,Taddeo,Roberson,troberson89@businesswire.com,Genderqueer,168.58.128.19
299,Audrey,Trunkfield,atrunkfield8a@dmoz.org,Male,71.95.81.144
300,Hali,Donnell,hdonnell8b@squidoo.com,Female,247.134.62.36
301,Wilhelmina,Songer,wsonger8c@about.me,Male,180.28.184.118
302,Archy,Osboldstone,aosboldstone8d@redcross.org,Male,77.167.182.35
303,Genia,Annwyl,gannwyl8e@dagondesign.com,Female,101.158.47.120
304,Errick,Size,esize8f@myspace.com,Female,194.67.144.176
305,Gabi,Leal,gleal8g@histats.com,Male,46.69.72.138
306,Tarah,Spikins,tspikins8h@japanpost.jp,Female,195.128.183.42
307,Osborn,De Simoni,odesimoni8i@arizona.edu,Female,36.210.126.151
308,Aharon,Toplis,atoplis8j@gravatar.com,Male,67.69.154.214
309,Willem,Fumagall,wfumagall8k@tamu.edu,Male,199.143.231.247
310,Papagena,Bittleson,pbittleson8l@imageshack.us,Male,12.0.12.56
311,Bryan,Greenhouse,bgreenhouse8m@wikispaces.com,Male,87.194.83.157
312,Rosalyn,Downey,rdowney8n@ibm.com,Male,140.152.56.184
313,Martina,Tweed,mtweed8o@so-net.ne.jp,Male,104.12.221.189
314,Stefanie,Matthiesen,smatthiesen8p@state.gov,Female,25.128.170.183
315,Coletta,Lukianovich,clukianovich8q@google.com.au,Male,0.179.35.116
316,Starr,Birtwhistle,sbirtwhistle8r@feedburner.com,Male,62.156.52.119
317,Bjorn,Caldicott,bcaldicott8s@mozilla.com,Female,7.114.4.142
318,Daphne,Rudkin,drudkin8t@xinhuanet.com,Bigender,192.4.116.171
319,Guillermo,Yerrill,gyerrill8u@apache.org,Female,23.114.41.244
320,Vincenty,Nickoles,vnickoles8v@independent.co.uk,Bigender,80.1.155.235
321,Sissy,Chazotte,schazotte8w@wisc.edu,Bigender,198.186.1.39
322,Harp,Doumer,hdoumer8x@twitpic.com,Male,14.248.9.64
323,Dyana,Buckles,dbuckles8y@shutterfly.com,Male,112.85.130.75
324,Massimiliano,Morforth,mmorforth8z@netvibes.com,Bigender,10.52.48.47
325,Fernando,Capron,fcapron90@photobucket.com,Male,3.172.136.24
326,Cairistiona,Cromb,ccromb91@amazonaws.com,Female,39.243.128.207
327,Kalil,Donhardt,kdonhardt92@facebook.com,Bigender,34.217.244.209
328,Evania,Clougher,eclougher93@google.fr,Male,75.3.246.205
329,Kippar,Ackenson,kackenson94@bloglines.com,Female,168.128.150.27
330,Estella,Werlock,ewerlock95@blogs.com,Male,159.56.1.178
331,Mariellen,Botly,mbotly96@odnoklassniki.ru,Female,90.104.29.38
332,Winona,Kolushev,wkolushev97@marketwatch.com,Male,52.119.141.133
333,Jyoti,Perago,jperago98@e-recht24.de,Male,104.112.252.170
334,Krystle,Langthorne,klangthorne99@zimbio.com,Female,87.40.40.255
335,Tabbitha,Northill,tnorthill9a@gnu.org,Female,22.97.82.75
336,Jamaal,Kubczak,jkubczak9b@google.co.jp,Male,245.8.11.203
337,Stormie,Blore,sblore9c@github.io,Female,204.202.194.48
338,Ramonda,McInnery,rmcinnery9d@apache.org,Male,136.24.136.224
339,Susannah,Whittington,swhittington9e@apache.org,Female,199.250.155.76
340,Berty,Flowith,bflowith9f@usa.gov,Female,57.29.110.129
341,Kizzee,Fernant,kfernant9g@stumbleupon.com,Female,223.39.181.252
342,Vonny,Freemantle,vfreemantle9h@phpbb.com,Male,37.185.117.195
343,Cleon,Immer,cimmer9i@usda.gov,Female,144.171.183.122
344,Denice,Lidgely,dlidgely9j@ebay.com,Female,73.211.136.158
345,Zebedee,Tampin,ztampin9k@blogspot.com,Female,233.28.9.151
346,Rockey,Chell,rchell9l@archive.org,Agender,227.31.244.87
347,Ashien,Mayhead,amayhead9m@diigo.com,Female,156.83.50.203
348,Emlyn,Tofanelli,etofanelli9n@surveymonkey.com,Female,31.225.102.121
349,Claudia,Gozzett,cgozzett9o@bravesites.com,Female,73.90.208.126
350,Grove,Hambrook,ghambrook9p@oakley.com,Female,217.196.151.171
351,Madelina,Gerritzen,mgerritzen9q@tumblr.com,Female,180.232.165.127
352,Denna,Eustis,deustis9r@tripod.com,Male,19.224.14.43
353,Manon,Trowsdale,mtrowsdale9s@drupal.org,Male,39.140.67.57
354,Adolphus,Chiles,achiles9t@redcross.org,Female,235.204.46.37
355,Odetta,Hanford,ohanford9u@japanpost.jp,Male,24.179.54.204
356,Gilberta,Sanson,gsanson9v@com.com,Genderqueer,113.188.205.18
357,Orin,Chasier,ochasier9w@hatena.ne.jp,Male,175.157.82.136
358,Raina,Domesday,rdomesday9x@hhs.gov,Male,232.65.152.86
359,Maxwell,Warrick,mwarrick9y@comcast.net,Female,40.67.59.65
360,Martin,Rooson,mrooson9z@a8.net,Male,86.104.180.108
361,Latashia,Dowbakin,ldowbakina0@mediafire.com,Female,8.159.98.103
362,Bayard,Finker,bfinkera1@vkontakte.ru,Polygender,90.237.22.237
363,Norry,Sclanders,nsclandersa2@squarespace.com,Female,254.9.115.77
364,Livia,Davidou,ldavidoua3@cdbaby.com,Female,184.113.97.122
365,Meris,Parris,mparrisa4@g.co,Genderqueer,189.98.81.237
366,Abie,Quartermain,aquartermaina5@dmoz.org,Genderqueer,66.17.117.6
367,Jasmine,Gritsaev,jgritsaeva6@altervista.org,Female,141.22.77.107
368,Darsie,Laurisch,dlaurischa7@google.co.jp,Female,212.24.126.254
369,Broderic,Shall,bshalla8@sbwire.com,Female,210.72.20.148
370,Sonny,Creegan,screegana9@wunderground.com,Genderqueer,36.219.190.155
371,Kelcie,Hulbert,khulbertaa@networksolutions.com,Bigender,97.69.193.48
372,Cornell,Garrod,cgarrodab@google.com.hk,Female,50.199.37.207
373,Helge,Simeone,hsimeoneac@bandcamp.com,Male,54.186.219.234
374,Kalindi,O'Spillane,kospillanead@state.gov,Male,75.120.174.18
375,Daffie,Hutchins,dhutchinsae@narod.ru,Male,126.92.249.128
376,Onfroi,Minger,omingeraf@engadget.com,Male,4.7.223.121
377,Waylen,Triplett,wtriplettag@wix.com,Male,50.193.214.247
378,Felicle,Metzke,fmetzkeah@usda.gov,Female,106.215.213.216
379,Lenee,Comizzoli,lcomizzoliai@surveymonkey.com,Female,176.193.173.63
380,Pauletta,Leas,pleasaj@rakuten.co.jp,Female,134.204.53.171
381,Augustine,Scates,ascatesak@java.com,Male,13.58.149.42
382,Ginevra,Langforth,glangforthal@istockphoto.com,Male,25.23.228.186
383,Wash,Rogerot,wrogerotam@sohu.com,Female,178.136.204.67
384,Toinette,Greensite,tgreensitean@scientificamerican.com,Female,127.35.86.64
385,Gilemette,Dot,gdotao@uol.com.br,Male,33.93.112.8
386,Mozelle,Surby,msurbyap@cafepress.com,Female,97.34.151.23
387,Delores,Breen,dbreenaq@friendfeed.com,Genderqueer,120.27.6.91
388,Ingunna,Cicero,iciceroar@intel.com,Female,189.80.17.177
389,Novelia,Handford,nhandfordas@unblog.fr,Male,167.214.77.38
390,Marcelo,Ahmed,mahmedat@a8.net,Female,77.242.162.131
391,Rhona,Giacomelli,rgiacomelliau@sfgate.com,Male,255.41.171.151
392,Alina,Corragan,acorraganav@ow.ly,Female,15.17.253.55
393,Osbourn,Odegaard,oodegaardaw@arstechnica.com,Male,56.25.247.189
394,Annie,Sweeting,asweetingax@merriam-webster.com,Female,159.44.52.216
395,Alex,Flores,afloresay@yelp.com,Male,58.75.142.43
396,Tobiah,Palleske,tpalleskeaz@newyorker.com,Male,73.119.70.143
397,Price,Samuel,psamuelb0@netlog.com,Female,166.68.206.38
398,Dewey,Vasilyev,dvasilyevb1@networksolutions.com,Female,76.129.6.181
399,Xena,Sergant,xsergantb2@blogspot.com,Female,174.7.133.143
400,Delmor,Deverock,ddeverockb3@wired.com,Female,141.218.18.177
401,Berrie,Nani,bnanib4@about.com,Male,32.47.56.131
402,Rozanne,Biscomb,rbiscombb5@ovh.net,Female,30.248.245.243
403,Cathrin,Wilcock,cwilcockb6@shop-pro.jp,Male,67.211.53.126
404,Andonis,Burges,aburgesb7@amazon.co.jp,Female,183.53.139.6
405,Grace,Baggally,gbaggallyb8@php.net,Female,13.205.84.167
406,Merle,Cuskery,mcuskeryb9@unesco.org,Male,6.29.92.150
407,Natty,Karadzas,nkaradzasba@globo.com,Male,71.226.150.55
408,Molly,Milam,mmilambb@taobao.com,Female,172.224.233.54
409,Cale,Canete,ccanetebc@wikia.com,Male,217.1.250.145
410,Uta,Hryskiewicz,uhryskiewiczbd@sakura.ne.jp,Male,165.242.234.162
411,Eddy,Sparway,esparwaybe@ask.com,Agender,189.3.194.142
412,Olympe,Buye,obuyebf@yellowbook.com,Agender,115.11.114.141
413,Nadiya,Pond-Jones,npondjonesbg@cloudflare.com,Female,113.244.234.221
414,Deloris,Sabati,dsabatibh@prweb.com,Male,37.51.143.29
415,Tabatha,de Quincey,tdequinceybi@virginia.edu,Male,169.0.195.69
416,Templeton,Phripp,tphrippbj@abc.net.au,Male,125.183.190.158
417,Sandra,Ramsier,sramsierbk@redcross.org,Male,205.90.224.251
418,Boniface,Madgwich,bmadgwichbl@dagondesign.com,Male,130.4.40.243
419,Giovanni,Hannaway,ghannawaybm@techcrunch.com,Female,197.100.166.219
420,Dar,Duplain,dduplainbn@microsoft.com,Male,242.162.220.39
421,Amy,Suche,asuchebo@columbia.edu,Male,168.46.111.188
422,Wait,Bourgourd,wbourgourdbp@canalblog.com,Male,69.94.23.212
423,Hephzibah,Jahn,hjahnbq@adobe.com,Male,143.191.255.204
424,Maison,Peinton,mpeintonbr@umich.edu,Female,84.39.103.51
425,Brent,Symcoxe,bsymcoxebs@yellowbook.com,Male,16.174.253.204
426,Lynette,Roach,lroachbt@digg.com,Male,203.215.84.238
427,Murdoch,Dow,mdowbu@nationalgeographic.com,Female,21.19.109.106
428,Kelley,Idwal Evans,kidwalevansbv@oakley.com,Non-binary,241.55.231.117
429,Carling,Madigan,cmadiganbw@vinaora.com,Male,71.177.131.82
430,Kristal,Rosendall,krosendallbx@va.gov,Male,197.222.177.135
431,Xavier,Calliss,xcallissby@ehow.com,Male,242.145.157.27
432,Niki,Tooher,ntooherbz@webmd.com,Female,190.205.178.200
433,Melony,Domeney,mdomeneyc0@scribd.com,Female,157.122.247.225
434,Tilda,Guise,tguisec1@cnn.com,Female,170.155.87.31
435,Gabie,Trouncer,gtrouncerc2@abc.net.au,Female,125.107.166.78
436,Raimondo,Wingham,rwinghamc3@sun.com,Female,184.10.119.235
437,Enid,Bridel,ebridelc4@businessweek.com,Male,73.181.245.3
438,Minetta,Winslet,mwinsletc5@people.com.cn,Genderfluid,44.27.48.3
439,Marjie,Aldwich,maldwichc6@com.com,Male,37.247.113.49
440,Drusy,Klosges,dklosgesc7@ted.com,Female,27.25.119.179
441,Mauricio,Palfery,mpalferyc8@nyu.edu,Genderqueer,41.129.245.79
442,Bentlee,Groombridge,bgroombridgec9@lulu.com,Male,116.27.67.123
443,Dalia,Regardsoe,dregardsoeca@census.gov,Male,249.230.245.15
444,Brittney,D'Hooge,bdhoogecb@technorati.com,Female,35.91.142.157
445,Garrek,Barniss,gbarnisscc@squarespace.com,Male,98.103.13.40
446,Abbie,Sedgemond,asedgemondcd@stanford.edu,Male,26.217.31.156
447,Celina,Aitcheson,caitchesonce@surveymonkey.com,Female,79.139.107.51
448,Elliott,Mumbeson,emumbesoncf@nymag.com,Male,177.116.196.113
449,Lacee,Birchenough,lbirchenoughcg@pbs.org,Female,10.57.6.128
450,Teresita,Tschierse,ttschiersech@histats.com,Male,105.39.250.177
451,Sibeal,Babonau,sbabonauci@ox.ac.uk,Female,72.234.252.218
452,Mollie,O'Geaney,mogeaneycj@usda.gov,Male,30.210.54.213
453,Suzann,Nevison,snevisonck@examiner.com,Female,228.25.19.32
454,Emylee,Station,estationcl@tripod.com,Male,221.98.252.121
455,Clarey,Antonucci,cantonuccicm@bigcartel.com,Male,108.5.181.122
456,Sergent,Shippam,sshippamcn@ning.com,Female,189.143.78.231
457,Caroljean,Deeley,cdeeleyco@ucla.edu,Male,161.21.107.71
458,Rosabelle,Schade,rschadecp@altervista.org,Female,125.139.139.229
459,Donall,Duggan,dduggancq@tmall.com,Male,112.107.36.167
460,Kincaid,Knowling,kknowlingcr@cbc.ca,Genderfluid,104.20.198.20
461,Bail,Meriot,bmeriotcs@telegraph.co.uk,Female,182.171.81.165
462,Mae,Espley,mespleyct@usa.gov,Female,236.66.60.116
463,Nadean,Wyborn,nwyborncu@networksolutions.com,Male,28.223.216.168
464,Brice,Stanlake,bstanlakecv@netlog.com,Female,146.117.251.188
465,Rooney,Aymes,raymescw@acquirethisname.com,Female,136.255.12.252
466,Dacie,Duffill,dduffillcx@t.co,Male,137.37.205.101
467,Schuyler,Perulli,sperullicy@tripod.com,Male,183.52.135.200
468,Loralyn,Ville,lvillecz@apache.org,Genderqueer,208.86.128.129
469,Caroljean,Petto,cpettod0@unicef.org,Male,110.120.199.233
470,Brina,Bradbrook,bbradbrookd1@godaddy.com,Female,247.160.131.34
471,Erick,Thorlby,ethorlbyd2@salon.com,Genderfluid,64.128.104.84
472,Reeba,McEneny,rmcenenyd3@google.nl,Female,27.164.165.125
473,Shannon,Pinnere,spinnered4@patch.com,Female,204.127.194.75
474,Tobye,Gasnoll,tgasnolld5@ca.gov,Female,101.80.171.134
475,Danya,Dimmack,ddimmackd6@163.com,Male,135.95.115.199
476,Jarvis,Martinelli,jmartinellid7@fastcompany.com,Agender,100.42.116.62
477,Carlyle,Hriinchenko,chriinchenkod8@europa.eu,Female,102.254.171.217
478,Jelene,Winsborrow,jwinsborrowd9@shareasale.com,Male,109.246.3.111
479,Rivkah,Nudde,rnuddeda@squarespace.com,Female,55.180.86.55
480,Doralyn,Bensen,dbensendb@aol.com,Bigender,241.108.227.96
481,Babbie,Hullah,bhullahdc@hostgator.com,Male,62.136.206.6
482,Andrei,Lodden,aloddendd@aboutads.info,Male,140.96.175.113
483,Zonnya,Vashchenko,zvashchenkode@webmd.com,Male,95.138.30.121
484,Selia,Deluca,sdelucadf@themeforest.net,Male,76.153.185.97
485,Birgitta,Ransley,bransleydg@acquirethisname.com,Male,96.182.112.113
486,Karalee,Pretti,kprettidh@vkontakte.ru,Female,57.116.143.133
487,Thacher,Itzkovich,titzkovichdi@economist.com,Female,48.180.105.33
488,Ophelie,Dispencer,odispencerdj@theguardian.com,Male,197.224.6.126
489,Adele,Minot,aminotdk@cisco.com,Female,181.56.130.143
490,Nikki,Skeleton,nskeletondl@marriott.com,Male,27.125.103.183
491,August,Farrear,afarreardm@bbb.org,Female,108.106.21.243
492,Blondie,Lightowlers,blightowlersdn@accuweather.com,Female,162.166.50.175
493,Rob,Dufaire,rdufairedo@yelp.com,Genderqueer,66.78.15.85
494,Minnaminnie,Geke,mgekedp@europa.eu,Female,156.135.247.77
495,Sabina,Ashurst,sashurstdq@google.com.hk,Female,157.152.44.164
496,Cory,Ferrone,cferronedr@pbs.org,Male,28.46.164.73
497,Mariquilla,Regis,mregisds@prweb.com,Female,146.194.49.237
498,Remington,Fruchon,rfruchondt@wisc.edu,Male,84.145.205.100
499,Janella,Talbot,jtalbotdu@sfgate.com,Female,182.7.241.198
500,Thayne,Wheelton,twheeltondv@cloudflare.com,Female,240.157.184.252
501,Niles,Glassman,nglassmandw@flickr.com,Female,119.47.95.107
502,Dougy,Moverley,dmoverleydx@yale.edu,Female,233.218.56.194
503,Ingrim,Gullan,igullandy@istockphoto.com,Female,30.76.171.120
504,Vanessa,Harle,vharledz@thetimes.co.uk,Male,246.214.175.24
505,Kippy,Jeannaud,kjeannaude0@ft.com,Female,241.221.56.153
506,Mimi,Gouldie,mgouldiee1@newyorker.com,Female,227.165.255.205
507,Ranique,Treadgold,rtreadgolde2@wufoo.com,Male,165.3.104.224
508,Locke,Boundy,lboundye3@timesonline.co.uk,Genderfluid,6.26.160.246
509,Simona,Vasic,svasice4@tripadvisor.com,Male,179.68.61.33
510,Brent,Joder,bjodere5@state.tx.us,Male,102.145.183.147
511,Carla,Schustl,cschustle6@chron.com,Female,243.165.183.17
512,Hamnet,Clucas,hclucase7@cam.ac.uk,Female,71.27.117.50
513,Christine,Hambly,chamblye8@sitemeter.com,Female,183.67.8.242
514,Emelda,Alesin,ealesine9@google.com,Female,5.1.103.149
515,Nilson,Bordiss,nbordissea@last.fm,Female,122.35.109.222
516,Felice,Le Breton De La Vieuville,flebretondelavieuvilleeb@cam.ac.uk,Female,83.21.234.218
517,Madelina,Kilpin,mkilpinec@indiatimes.com,Female,106.61.251.186
518,Nelie,Madden,nmaddened@jimdo.com,Female,105.232.150.11
519,Candis,Demsey,cdemseyee@myspace.com,Male,94.46.36.200
520,Roselin,Scalera,rscaleraef@symantec.com,Male,202.13.190.210
521,Evangelia,Hellicar,ehellicareg@360.cn,Male,66.77.52.184
522,Dusty,Simone,dsimoneeh@bbb.org,Female,240.150.152.143
523,Violetta,Bremen,vbremenei@earthlink.net,Male,84.50.157.14
524,Emmery,Creigan,ecreiganej@rakuten.co.jp,Female,131.24.80.146
525,Hermon,Bowland,hbowlandek@lycos.com,Male,111.110.0.119
526,Sheree,Creavin,screavinel@google.fr,Female,223.140.6.103
527,Gavin,Nehls,gnehlsem@smh.com.au,Male,120.15.202.230
528,Nate,Male,nmaleen@home.pl,Male,1.255.22.152
529,Jose,Hawford,jhawfordeo@webs.com,Female,183.230.192.232
530,Janos,Tupling,jtuplingep@toplist.cz,Female,247.40.194.227
531,Evangelia,Thunnercliffe,ethunnercliffeeq@dailymotion.com,Female,18.173.6.67
532,Hayyim,McFetrich,hmcfetricher@google.es,Male,147.225.227.166
533,Frank,Tarborn,ftarbornes@gmpg.org,Female,244.92.176.41
534,Quinta,Aspey,qaspeyet@wiley.com,Male,32.253.27.253
535,Mendie,Barti,mbartieu@vinaora.com,Male,40.201.218.234
536,Tomi,Somerbell,tsomerbellev@plala.or.jp,Male,135.159.208.139
537,Pinchas,Timoney,ptimoneyew@ibm.com,Female,195.194.56.209
538,Tamera,Tattersill,ttattersillex@joomla.org,Genderqueer,165.126.167.240
539,Vonny,Leggitt,vleggittey@discuz.net,Female,222.159.148.249
540,Archambault,McIlhone,amcilhoneez@pinterest.com,Male,61.71.221.166
541,Alidia,Dicey,adiceyf0@tinyurl.com,Female,12.135.136.134
542,Nancie,Lister,nlisterf1@about.me,Female,13.172.89.8
543,Steffie,Nendick,snendickf2@google.com,Male,180.175.1.70
544,Lulu,Jaksic,ljaksicf3@usda.gov,Genderqueer,119.93.220.167
545,Damara,Peek,dpeekf4@geocities.jp,Female,170.101.31.191
546,Herschel,Teggart,hteggartf5@webnode.com,Male,157.195.4.172
547,Cad,Fewings,cfewingsf6@people.com.cn,Female,61.120.48.129
548,Miran,Puttan,mputtanf7@cafepress.com,Male,157.143.79.32
549,Marmaduke,McKeag,mmckeagf8@imdb.com,Female,90.113.21.182
550,Niki,Devennie,ndevennief9@jimdo.com,Male,9.220.217.153
551,Willie,Scola,wscolafa@wordpress.org,Female,135.9.85.228
552,Jon,Graysmark,jgraysmarkfb@google.co.uk,Male,216.83.7.141
553,Reta,Anscombe,ranscombefc@amazon.co.uk,Male,225.227.217.44
554,Roch,Hellin,rhellinfd@weibo.com,Male,167.84.27.73
555,Licha,Sline,lslinefe@twitpic.com,Female,112.193.29.66
556,Dionne,Marages,dmaragesff@skype.com,Female,108.171.245.117
557,Shurwood,Marcussen,smarcussenfg@salon.com,Male,109.221.172.191
558,Kaitlynn,Bawden,kbawdenfh@elpais.com,Female,225.221.109.124
559,Wernher,Petegree,wpetegreefi@reverbnation.com,Female,199.33.116.24
560,Ninnetta,Deek,ndeekfj@usnews.com,Male,51.20.67.153
561,Piper,Hynard,phynardfk@apache.org,Genderfluid,179.118.2.124
562,Zitella,Wytchard,zwytchardfl@discovery.com,Male,196.25.155.165
563,Alvinia,Fatkin,afatkinfm@vkontakte.ru,Male,229.238.146.0
564,Ives,Grayer,igrayerfn@bloglovin.com,Male,118.255.96.237
565,Jacquelynn,Ovize,jovizefo@businessweek.com,Female,121.226.112.232
566,Lennie,Owers,lowersfp@purevolume.com,Female,29.139.71.244
567,Odele,De Giorgi,odegiorgifq@purevolume.com,Male,112.251.88.71
568,Evita,Tomadoni,etomadonifr@sakura.ne.jp,Female,76.40.111.11
569,Garnette,Colisbe,gcolisbefs@w3.org,Female,212.66.19.188
570,Patten,Fehely,pfehelyft@deviantart.com,Female,137.149.228.214
571,Berti,Fawson,bfawsonfu@answers.com,Male,192.123.56.129
572,Cassy,Banishevitz,cbanishevitzfv@ted.com,Male,152.83.188.36
573,Wendy,Aldhous,waldhousfw@amazon.de,Female,88.103.21.100
574,Wynn,Irdale,wirdalefx@ftc.gov,Male,171.123.236.115
575,Kathlin,Fontes,kfontesfy@indiatimes.com,Male,211.40.155.224
576,Blancha,German,bgermanfz@nsw.gov.au,Male,58.174.170.33
577,Nap,Beevis,nbeevisg0@senate.gov,Genderfluid,150.26.227.177
578,Frederica,Palethorpe,fpalethorpeg1@abc.net.au,Male,244.32.92.196
579,Marcelline,Smale,msmaleg2@nytimes.com,Genderqueer,83.70.166.166
580,Curtis,Acres,cacresg3@printfriendly.com,Female,29.156.10.148
581,Nadya,Grimbleby,ngrimblebyg4@scribd.com,Female,220.246.207.66
582,Roxy,Trustram,rtrustramg5@constantcontact.com,Bigender,17.179.255.1
583,Caty,Crayke,ccraykeg6@businessweek.com,Female,16.157.212.48
584,Brig,Eskrick,beskrickg7@lycos.com,Male,119.32.253.249
585,Lothaire,Castleman,lcastlemang8@utexas.edu,Male,245.100.219.111
586,Bonnibelle,Rumble,brumbleg9@yelp.com,Male,8.35.142.180
587,Tyler,Louedey,tlouedeyga@bravesites.com,Male,62.74.103.18
588,Burlie,Abrahm,babrahmgb@qq.com,Female,104.170.75.251
589,Caralie,Fantonetti,cfantonettigc@dell.com,Non-binary,230.56.191.175
590,Giralda,Giaomozzo,ggiaomozzogd@harvard.edu,Male,159.83.231.227
591,Bron,Ruffy,bruffyge@jiathis.com,Male,171.11.103.141
592,Madison,Leon,mleongf@webnode.com,Female,234.65.198.157
593,Delores,Osipov,dosipovgg@ovh.net,Male,37.19.105.134
594,Fara,Weare,fwearegh@chicagotribune.com,Male,205.23.132.8
595,Portie,Tremayle,ptremaylegi@diigo.com,Female,94.151.156.46
596,Zachery,Snodin,zsnodingj@geocities.jp,Female,250.133.121.158
597,Winifield,Bunhill,wbunhillgk@geocities.jp,Male,19.135.86.146
598,Ave,Noli,anoligl@elpais.com,Female,62.49.80.213
599,Antoni,Burnie,aburniegm@msu.edu,Female,232.152.184.247
600,Dominica,Lorrain,dlorraingn@ask.com,Male,60.156.100.236
601,Gloria,Lomen,glomengo@jiathis.com,Female,198.39.186.66
602,Gabriell,Jackes,gjackesgp@360.cn,Female,226.18.228.168
603,Monroe,Blind,mblindgq@walmart.com,Female,64.158.184.180
604,Yehudit,Skatcher,yskatchergr@lulu.com,Female,6.140.34.84
605,Olympe,Gilliland,ogillilandgs@vk.com,Female,228.229.219.117
606,Alyosha,Cartledge,acartledgegt@latimes.com,Female,119.60.22.117
607,Forester,Osanne,fosannegu@youku.com,Male,142.170.2.80
608,Joyann,Drain,jdraingv@freewebs.com,Male,64.89.229.200
609,Oona,Aldous,oaldousgw@liveinternet.ru,Male,1.173.76.112
610,Konstantine,Tibbs,ktibbsgx@cmu.edu,Female,166.148.127.11
611,Burr,Gwatkin,bgwatkingy@fastcompany.com,Female,30.75.36.117
612,Ward,Elham,welhamgz@php.net,Female,98.104.97.80
613,Ethel,McIlory,emciloryh0@ox.ac.uk,Male,199.7.225.46
614,Francois,Hardeman,fhardemanh1@upenn.edu,Genderqueer,121.25.104.195
615,Cammy,Ranner,crannerh2@smh.com.au,Female,155.5.10.166
616,Leela,Berndsen,lberndsenh3@indiatimes.com,Male,157.40.74.241
617,Becka,Kempton,bkemptonh4@privacy.gov.au,Genderfluid,85.174.41.93
618,Pace,Lagadu,plagaduh5@comsenz.com,Non-binary,188.221.97.85
619,Julie,Menpes,jmenpesh6@eventbrite.com,Female,242.181.168.150
620,Robinet,Phillps,rphillpsh7@unc.edu,Male,33.97.11.180
621,Latrina,Fisbey,lfisbeyh8@salon.com,Male,224.21.214.181
622,Garrot,Patey,gpateyh9@fema.gov,Male,247.55.206.48
623,Jere,Hanretty,jhanrettyha@stumbleupon.com,Male,126.115.106.74
624,Shawna,Dansie,sdansiehb@technorati.com,Genderfluid,252.27.235.105
625,Hansiain,O'Hagan,hohaganhc@gizmodo.com,Female,131.103.246.38
626,Domini,Mannix,dmannixhd@macromedia.com,Female,179.208.26.21
627,Gradeigh,Lardeur,glardeurhe@goo.gl,Male,195.216.89.31
628,Terrence,Firbank,tfirbankhf@wikia.com,Female,59.196.104.11
629,Emmery,Hamor,ehamorhg@whitehouse.gov,Female,122.157.23.94
630,Corabel,Auguste,caugustehh@moonfruit.com,Female,9.142.124.57
631,Abbye,Kauffman,akauffmanhi@princeton.edu,Male,42.228.210.5
632,Joli,Graveson,jgravesonhj@dedecms.com,Female,33.148.112.96
633,Barbee,Orrocks,borrockshk@people.com.cn,Male,251.13.113.15
634,Odey,Aish,oaishhl@cpanel.net,Female,29.158.66.203
635,Kayle,Kermath,kkermathhm@kickstarter.com,Female,36.39.212.20
636,Asher,Rieflin,arieflinhn@fc2.com,Female,11.197.166.77
637,Lulu,Hixson,lhixsonho@abc.net.au,Female,160.139.145.85
638,Alameda,Gilyott,agilyotthp@icq.com,Female,51.135.129.23
639,Sylvia,Jerrom,sjerromhq@scientificamerican.com,Female,186.242.254.41
640,Gerri,Guilford,gguilfordhr@parallels.com,Female,228.127.116.184
641,Chris,Newnham,cnewnhamhs@microsoft.com,Female,229.15.53.239
642,Lyn,Bartolic,lbartolicht@seattletimes.com,Male,167.113.236.240
643,Manny,McReynolds,mmcreynoldshu@live.com,Genderfluid,90.107.30.235
644,Judas,Dalgarno,jdalgarnohv@google.co.uk,Male,173.2.64.0
645,Dillie,Briffett,dbriffetthw@mlb.com,Male,154.145.242.143
646,Lincoln,Merritt,lmerritthx@rakuten.co.jp,Male,100.160.179.78
647,Mayne,Adamowicz,madamowiczhy@cbslocal.com,Female,77.177.77.170
648,Silvan,Vasilchenko,svasilchenkohz@spiegel.de,Male,148.253.57.25
649,Henderson,Olander,holanderi0@craigslist.org,Female,166.180.105.10
650,Kellyann,Champagne,kchampagnei1@pagesperso-orange.fr,Female,30.163.206.155
651,Randene,Wilshaw,rwilshawi2@amazon.co.uk,Male,98.61.119.186
652,Jeni,McGillivray,jmcgillivrayi3@chicagotribune.com,Polygender,171.153.103.51
653,Timmy,Stiegars,tstiegarsi4@army.mil,Male,31.138.186.73
654,Eugenia,Heathwood,eheathwoodi5@adobe.com,Female,211.93.203.157
655,Kandy,McGarrahan,kmcgarrahani6@goodreads.com,Genderqueer,187.213.242.112
656,Kissie,Kauscher,kkauscheri7@meetup.com,Female,225.126.10.68
657,Laryssa,Spaughton,lspaughtoni8@fotki.com,Female,225.157.239.168
658,Shirlene,Spofford,sspoffordi9@gizmodo.com,Male,52.169.1.218
659,Catherin,Guerola,cguerolaia@weebly.com,Male,79.41.161.166
660,Melodee,Dorwood,mdorwoodib@last.fm,Female,47.77.162.134
661,Boris,D'Alessio,bdalessioic@drupal.org,Male,168.201.16.145
662,Salomi,McCafferky,smccafferkyid@163.com,Female,226.61.134.213
663,Naomi,Pawlata,npawlataie@odnoklassniki.ru,Female,81.40.221.134
664,Mitch,Glison,mglisonif@google.cn,Male,46.45.118.11
665,Isis,Klaaasen,iklaaasenig@toplist.cz,Female,196.235.196.216
666,Tommy,Till,ttillih@ox.ac.uk,Female,94.17.222.244
667,Lucas,Kennham,lkennhamii@elegantthemes.com,Male,100.128.135.130
668,Lesley,Ranyell,lranyellij@bbc.co.uk,Male,209.254.204.162
669,Antone,O'Loughlin,aoloughlinik@altervista.org,Female,122.73.67.211
670,Dominica,Benn,dbennil@huffingtonpost.com,Male,208.159.246.249
671,Collen,Witherop,cwitheropim@forbes.com,Male,166.253.1.88
672,Clementius,Walenta,cwalentain@123-reg.co.uk,Male,149.47.224.225
673,Marcille,McColley,mmccolleyio@bloglovin.com,Female,55.32.58.98
674,Kalinda,Autrie,kautrieip@yahoo.co.jp,Female,209.215.82.140
675,Lorianne,Pauls,lpaulsiq@jimdo.com,Male,215.159.165.149
676,Janenna,De la Zenne,jdelazenneir@mapquest.com,Female,107.156.48.189
677,Hedvig,Larman,hlarmanis@wikipedia.org,Female,163.115.60.115
678,Hartley,Cronin,hcroninit@yolasite.com,Male,29.38.27.126
679,Shanan,Berthe,sbertheiu@house.gov,Female,216.120.54.153
680,Bellanca,Kerwick,bkerwickiv@ifeng.com,Male,3.162.77.195
681,Aili,Ajam,aajamiw@simplemachines.org,Female,255.140.123.175
682,Hayward,Blazdell,hblazdellix@squarespace.com,Male,125.214.34.227
683,Vaughan,Kupis,vkupisiy@blog.com,Male,255.215.6.223
684,Salomon,Sheehan,ssheehaniz@google.com.br,Female,230.43.146.90
685,Ximenes,Yair,xyairj0@patch.com,Male,218.20.64.185
686,Nydia,Pavlovic,npavlovicj1@soundcloud.com,Male,34.66.200.9
687,Quint,McLeish,qmcleishj2@123-reg.co.uk,Male,94.249.70.249
688,Lanny,O' Mulderrig,lomulderrigj3@archive.org,Male,111.98.184.3
689,Sarina,Swatton,sswattonj4@miitbeian.gov.cn,Female,85.223.62.170
690,Lurleen,Fairbrother,lfairbrotherj5@census.gov,Female,182.77.200.122
691,Carr,Rossant,crossantj6@networksolutions.com,Male,124.128.41.253
692,Bran,Cutforth,bcutforthj7@cnn.com,Female,121.130.214.27
693,Zeb,Gyver,zgyverj8@fc2.com,Female,193.75.146.210
694,Reinwald,McVie,rmcviej9@bandcamp.com,Genderfluid,66.235.130.179
695,Joaquin,Wenn,jwennja@usnews.com,Female,66.112.159.110
696,Myra,Rawes,mrawesjb@feedburner.com,Female,196.78.226.153
697,Van,Heisler,vheislerjc@adobe.com,Male,116.28.148.44
698,Redd,Courvert,rcourvertjd@ihg.com,Agender,45.190.43.22
699,Torey,Van Bruggen,tvanbruggenje@usa.gov,Male,225.42.48.69
700,Tatiania,Millen,tmillenjf@twitpic.com,Male,23.247.246.229
701,Barbi,Stovold,bstovoldjg@paypal.com,Male,210.35.19.178
702,Dollie,Oatley,doatleyjh@csmonitor.com,Female,233.18.121.110
703,Gavra,Fullick,gfullickji@domainmarket.com,Male,80.125.175.132
704,Rolph,Sambidge,rsambidgejj@eepurl.com,Female,86.19.154.64
705,Mirabelle,Tanman,mtanmanjk@amazonaws.com,Male,241.102.38.5
706,Jaine,Messum,jmessumjl@biglobe.ne.jp,Female,59.98.181.28
707,Clotilda,Cleft,ccleftjm@ifeng.com,Male,95.111.2.150
708,Berk,D'Avaux,bdavauxjn@fema.gov,Male,186.120.76.190
709,Crawford,Jowling,cjowlingjo@desdev.cn,Female,132.176.121.216
710,Ginnie,Blofield,gblofieldjp@flavors.me,Male,230.33.33.226
711,Alexandr,Jolin,ajolinjq@tuttocitta.it,Male,22.56.109.222
712,Ev,Brace,ebracejr@posterous.com,Male,245.68.48.76
713,Augy,Lebrun,alebrunjs@yahoo.com,Genderqueer,5.224.90.210
714,Earl,Frame,eframejt@narod.ru,Female,178.112.29.79
715,Burt,Baggaley,bbaggaleyju@exblog.jp,Female,42.60.161.152
716,Raquela,Mitchiner,rmitchinerjv@biblegateway.com,Agender,181.41.2.194
717,Aigneis,Castelijn,acastelijnjw@disqus.com,Female,187.104.114.252
718,Trix,Dowker,tdowkerjx@aboutads.info,Male,5.139.46.110
719,Tucker,Spurdle,tspurdlejy@nba.com,Male,29.173.105.7
720,Marjy,Jahnisch,mjahnischjz@mlb.com,Female,151.30.25.183
721,Wake,Rohlf,wrohlfk0@bloglovin.com,Polygender,180.48.49.140
722,Diann,MacAne,dmacanek1@ovh.net,Male,37.230.45.196
723,Wood,Gillie,wgilliek2@slideshare.net,Female,103.232.105.226
724,Marlyn,O'Flannery,moflanneryk3@theguardian.com,Agender,17.178.16.11
725,Nadeen,McCoole,nmccoolek4@cloudflare.com,Male,56.184.238.226
726,Zara,Lawie,zlawiek5@miibeian.gov.cn,Female,41.154.207.101
727,Erma,Gotmann,egotmannk6@reuters.com,Male,49.101.126.65
728,Lemmie,Ramey,lrameyk7@techcrunch.com,Female,12.55.40.21
729,Ashly,Ben,abenk8@cnn.com,Female,2.131.79.26
730,Doreen,Louch,dlouchk9@123-reg.co.uk,Male,181.18.57.6
731,Mindy,Arundell,marundellka@squidoo.com,Male,52.12.25.160
732,Grazia,Folkerd,gfolkerdkb@telegraph.co.uk,Female,184.64.164.41
733,Analiese,Damant,adamantkc@example.com,Male,34.129.64.240
734,Gabbie,Goodboddy,ggoodboddykd@gnu.org,Male,237.227.226.41
735,Janaye,Scoffham,jscoffhamke@gmpg.org,Female,114.158.114.142
736,Mufi,Redier,mredierkf@360.cn,Male,212.121.57.168
737,Jedidiah,Herrema,jherremakg@bandcamp.com,Male,250.60.200.164
738,Cullan,Winfield,cwinfieldkh@cdbaby.com,Female,0.153.45.145
739,Birgit,Mould,bmouldki@pinterest.com,Genderqueer,69.34.227.146
740,Penny,Forster,pforsterkj@mayoclinic.com,Male,115.102.17.219
741,Janessa,Tincombe,jtincombekk@ning.com,Male,195.180.12.79
742,Uriel,Mattea,umatteakl@cisco.com,Female,78.180.178.173
743,Sascha,Madine,smadinekm@google.de,Male,10.128.180.100
744,Neel,Behling,nbehlingkn@nasa.gov,Male,98.146.244.219
745,Emmett,Craigg,ecraiggko@4shared.com,Male,176.52.108.209
746,Joseph,Melloy,jmelloykp@nasa.gov,Male,108.212.152.71
747,Jamey,Ballsdon,jballsdonkq@rediff.com,Female,20.85.123.131
748,Blayne,Eckels,beckelskr@xing.com,Female,13.40.18.131
749,Letti,Lissandrini,llissandriniks@1und1.de,Bigender,57.73.233.167
750,Melba,Bogace,mbogacekt@ted.com,Male,110.5.195.228
751,Clerissa,Southwell,csouthwellku@huffingtonpost.com,Female,9.91.112.152
752,Gary,Demaid,gdemaidkv@va.gov,Female,79.173.44.220
753,Cyb,Waddams,cwaddamskw@phoca.cz,Male,214.114.176.35
754,Shermie,Soaper,ssoaperkx@woothemes.com,Female,13.38.40.58
755,Shaylynn,Yurkin,syurkinky@scribd.com,Female,141.7.25.215
756,Ewell,Glasebrook,eglasebrookkz@stumbleupon.com,Polygender,135.25.36.56
757,Caesar,Bockin,cbockinl0@admin.ch,Female,96.178.159.194
758,Gilberto,Metcalf,gmetcalfl1@un.org,Male,26.13.1.167
759,Annecorinne,Tchir,atchirl2@chronoengine.com,Female,67.117.35.246
760,Dill,Purdon,dpurdonl3@noaa.gov,Female,146.102.71.178
761,Susana,Sancto,ssanctol4@alibaba.com,Female,248.202.115.190
762,Rufus,Ridd,rriddl5@howstuffworks.com,Male,142.5.90.220
763,Anatole,Pachta,apachtal6@mac.com,Male,149.211.231.132
764,Gilberto,Lorie,gloriel7@desdev.cn,Genderqueer,88.119.45.146
765,Ray,Paxforde,rpaxfordel8@mapquest.com,Female,237.237.47.186
766,Raymond,Beedle,rbeedlel9@taobao.com,Female,204.219.63.133
767,Dalenna,MacCahey,dmaccaheyla@answers.com,Male,187.227.151.171
768,Misty,Sallows,msallowslb@histats.com,Female,230.119.245.85
769,Morry,Oakland,moaklandlc@qq.com,Agender,61.125.166.156
770,Demott,Rugieri,drugierild@is.gd,Male,160.106.181.152
771,Charis,Kinvan,ckinvanle@cisco.com,Male,89.138.8.130
772,Shelbi,Ivashev,sivashevlf@chronoengine.com,Female,146.170.162.247
773,Annetta,Lebond,alebondlg@buzzfeed.com,Male,215.72.90.163
774,Garner,Wreath,gwreathlh@java.com,Male,105.132.249.31
775,Jeremy,Mulloch,jmullochli@skyrock.com,Female,196.14.5.116
776,Derril,Hardaway,dhardawaylj@washingtonpost.com,Female,76.162.52.129
777,Wilmette,Pargent,wpargentlk@thetimes.co.uk,Female,199.213.13.163
778,Garth,Lewisham,glewishamll@webmd.com,Male,169.151.68.73
779,Dene,Bambrough,dbambroughlm@ebay.co.uk,Male,81.141.138.149
780,Rozalie,Bullick,rbullickln@godaddy.com,Female,81.59.110.139
781,Delaney,Kingston,dkingstonlo@ucoz.ru,Male,87.24.171.212
782,Ansel,Snelling,asnellinglp@redcross.org,Male,29.48.186.152
783,Clare,Vasin,cvasinlq@cnbc.com,Genderqueer,38.36.12.167
784,Thaddeus,Slatford,tslatfordlr@accuweather.com,Female,63.96.193.88
785,Nil,Laydel,nlaydells@narod.ru,Male,155.218.223.250
786,Val,Antoniades,vantoniadeslt@alibaba.com,Male,225.120.95.184
787,Joseito,Trynor,jtrynorlu@last.fm,Female,20.146.212.185
788,Allie,Hentze,ahentzelv@tamu.edu,Male,145.8.254.95
789,Brynne,Shakeshaft,bshakeshaftlw@sun.com,Female,103.149.20.201
790,Bram,Hayzer,bhayzerlx@macromedia.com,Female,99.173.1.92
791,Scarlett,Mertgen,smertgenly@feedburner.com,Male,18.160.241.29
792,Madge,Grummitt,mgrummittlz@photobucket.com,Female,85.71.25.100
793,Ewell,Isac,eisacm0@xing.com,Male,35.149.65.192
794,Loella,Powling,lpowlingm1@weather.com,Male,249.60.106.192
795,Heida,Primak,hprimakm2@163.com,Male,230.97.123.162
796,Hoyt,Rodear,hrodearm3@cmu.edu,Female,136.39.87.176
797,L;urette,Krysztofowicz,lkrysztofowiczm4@discovery.com,Male,239.190.232.81
798,Job,Martynka,jmartynkam5@amazon.co.jp,Male,230.42.97.127
799,Averill,Vigors,avigorsm6@macromedia.com,Female,211.3.146.12
800,Nanni,Pracy,npracym7@i2i.jp,Female,78.8.173.59
801,Nat,Trunks,ntrunksm8@simplemachines.org,Male,135.176.43.223
802,Gerladina,Beveredge,gbeveredgem9@auda.org.au,Female,41.205.25.183
803,Viole,Brendel,vbrendelma@buzzfeed.com,Genderfluid,239.77.121.241
804,Augustus,Aaron,aaaronmb@goo.ne.jp,Male,14.40.25.142
805,Pru,Cooch,pcoochmc@harvard.edu,Male,253.151.76.107
806,Jourdain,Count,jcountmd@yale.edu,Female,182.116.11.45
807,Ulric,Larking,ularkingme@trellian.com,Female,62.64.15.132
808,Annaliese,Pochet,apochetmf@jigsy.com,Female,74.254.77.32
809,Dame,Tomaino,dtomainomg@friendfeed.com,Bigender,114.0.13.20
810,Janna,Brader,jbradermh@behance.net,Female,34.220.210.168
811,Elsbeth,Brettor,ebrettormi@adobe.com,Male,170.10.62.243
812,Ingunna,Bernardt,ibernardtmj@hexun.com,Female,72.123.223.205
813,Marsh,Chuney,mchuneymk@imdb.com,Female,161.79.217.221
814,Walther,Piser,wpiserml@mac.com,Male,2.0.8.23
815,Margarete,Money,mmoneymm@noaa.gov,Male,133.81.75.169
816,Daisy,Menham,dmenhammn@oracle.com,Non-binary,29.146.94.199
817,Hymie,Rustadge,hrustadgemo@xing.com,Female,118.217.240.216
818,Ethelred,Yong,eyongmp@whitehouse.gov,Male,24.53.172.243
819,Ddene,Tourry,dtourrymq@jimdo.com,Female,27.132.238.255
820,Devora,Ferguson,dfergusonmr@tamu.edu,Male,53.66.194.105
821,Hillard,China,hchinams@i2i.jp,Female,247.44.90.18
822,Johan,Given,jgivenmt@lulu.com,Female,196.156.83.121
823,Carmela,Tinan,ctinanmu@google.pl,Male,125.233.26.119
824,Ulysses,Zeplin,uzeplinmv@google.nl,Male,87.194.124.202
825,Morgan,Edwick,medwickmw@reddit.com,Female,139.162.193.126
826,Madeleine,Godman,mgodmanmx@telegraph.co.uk,Male,231.200.59.27
827,Ulrich,Spikins,uspikinsmy@wiley.com,Female,240.124.13.221
828,Eduard,Licciardello,elicciardellomz@businesswire.com,Female,151.173.61.163
829,Urson,Pierton,upiertonn0@hubpages.com,Male,53.148.38.156
830,Lorin,Mariette,lmarietten1@aboutads.info,Male,215.196.86.20
831,Neal,Hablet,nhabletn2@meetup.com,Male,195.229.239.78
832,Alena,Kemp,akempn3@slideshare.net,Male,64.25.26.145
833,Calypso,Marieton,cmarietonn4@infoseek.co.jp,Female,26.53.249.164
834,Gunar,MacMichael,gmacmichaeln5@google.com,Female,0.21.79.248
835,Gabey,Hanington,ghaningtonn6@constantcontact.com,Male,20.107.90.88
836,Baxie,Doche,bdochen7@a8.net,Male,61.25.50.42
837,Batsheva,Edy,bedyn8@tinyurl.com,Female,167.194.11.153
838,Sasha,Dainty,sdaintyn9@canalblog.com,Female,216.224.218.33
839,Ariel,Mityukov,amityukovna@domainmarket.com,Male,111.158.108.208
840,Ermengarde,Noice,enoicenb@census.gov,Male,157.20.145.118
841,Davidson,Ogger,doggernc@last.fm,Male,169.223.125.11
842,Lilian,Clegg,lcleggnd@foxnews.com,Female,80.123.219.184
843,Bobine,McNicol,bmcnicolne@com.com,Male,137.222.138.172
844,Cello,Bubb,cbubbnf@accuweather.com,Female,177.186.31.115
845,Javier,Klais,jklaisng@youtube.com,Female,215.116.195.216
846,Devan,Chinnock,dchinnocknh@adobe.com,Male,177.205.192.184
847,Lesley,Mattityahou,lmattityahouni@sogou.com,Male,117.48.136.36
848,Vivyanne,Benedetti,vbenedettinj@google.co.jp,Female,56.245.239.196
849,Obie,Grimwad,ogrimwadnk@free.fr,Male,37.185.77.58
850,Aubert,Jira,ajiranl@nsw.gov.au,Male,88.183.179.173
851,Miles,Rivenzon,mrivenzonnm@cpanel.net,Male,124.247.204.157
852,Klarrisa,Fowells,kfowellsnn@phoca.cz,Female,218.17.246.232
853,Andie,Hoggins,ahogginsno@tripod.com,Female,124.17.135.84
854,Jdavie,Godthaab,jgodthaabnp@google.ca,Genderqueer,254.133.207.250
855,Ange,Saunderson,asaundersonnq@bbb.org,Female,173.143.39.93
856,Lucita,Jaray,ljaraynr@nyu.edu,Male,87.15.124.193
857,Nonah,Bentham3,nbenthamns@skype.com,Genderqueer,145.166.219.165
858,Holt,Gilliver,hgillivernt@ifeng.com,Female,35.164.140.237
859,Nelle,Ernshaw,nernshawnu@163.com,Male,66.221.169.174
860,Antonio,Cartmail,acartmailnv@qq.com,Male,12.252.73.101
861,Price,Le feuvre,plefeuvrenw@mysql.com,Female,219.30.151.218
862,Frieda,Broadfield,fbroadfieldnx@webeden.co.uk,Male,10.80.122.118
863,Leanna,Thain,lthainny@ftc.gov,Female,125.166.119.105
864,Netti,Brickstock,nbrickstocknz@nature.com,Female,242.146.85.148
865,Jillayne,Bunning,jbunningo0@gravatar.com,Bigender,215.31.31.27
866,Ralf,Hegg,rheggo1@senate.gov,Genderfluid,212.83.238.17
867,Corabel,Miall,cmiallo2@abc.net.au,Male,159.188.149.86
868,Nikolos,Rhyme,nrhymeo3@china.com.cn,Male,117.203.149.139
869,Lonnie,Boner,lbonero4@opera.com,Male,112.198.101.192
870,Eleonora,Crosthwaite,ecrosthwaiteo5@sphinn.com,Female,162.159.121.79
871,Ezequiel,Rustan,erustano6@ca.gov,Female,23.158.127.174
872,Mady,Dimeloe,mdimeloeo7@squidoo.com,Male,153.111.108.239
873,Aubrey,Lebbon,alebbono8@ycombinator.com,Male,245.138.235.225
874,Andy,Clyne,aclyneo9@deliciousdays.com,Male,4.166.221.181
875,Candie,Vautier,cvautieroa@yandex.ru,Male,116.98.62.15
876,Anthia,Eggar,aeggarob@dailymail.co.uk,Male,27.26.71.8
877,Dodie,Peckham,dpeckhamoc@fda.gov,Male,147.193.18.164
878,Kerry,Swaby,kswabyod@example.com,Female,28.114.176.92
879,Meagan,Hazelton,mhazeltonoe@hostgator.com,Female,54.31.59.111
880,Breena,Berthomieu,bberthomieuof@icq.com,Female,73.218.52.233
881,Tadd,Wickey,twickeyog@a8.net,Female,81.8.147.103
882,Ginny,Erb,gerboh@hubpages.com,Female,17.252.15.194
883,Haroun,Guiso,hguisooi@miitbeian.gov.cn,Female,109.101.207.246
884,Amabelle,O'Mara,aomaraoj@tiny.cc,Female,167.190.246.54
885,Burnaby,Garbutt,bgarbuttok@walmart.com,Male,223.115.147.36
886,Marina,Thick,mthickol@unblog.fr,Male,189.131.151.112
887,Mathias,MacRannell,mmacrannellom@google.fr,Female,154.245.186.172
888,Karol,Krolik,kkrolikon@slideshare.net,Female,221.137.129.225
889,Gabbey,McAteer,gmcateeroo@deliciousdays.com,Male,234.220.63.233
890,Daune,Terzo,dterzoop@gravatar.com,Male,169.255.180.107
891,Caitlin,Perritt,cperrittoq@furl.net,Male,149.93.15.124
892,Leesa,Gavey,lgaveyor@google.ca,Female,236.242.113.37
893,Mersey,Yell,myellos@sitemeter.com,Male,164.246.234.192
894,Mandy,Grube,mgrubeot@ycombinator.com,Male,153.250.57.169
895,Petrina,Godball,pgodballou@freewebs.com,Female,26.216.153.176
896,Augusta,Flinn,aflinnov@soup.io,Genderfluid,189.174.158.86
897,Mala,Jancik,mjancikow@hostgator.com,Female,240.46.213.127
898,Maura,Bagster,mbagsterox@wp.com,Male,11.212.15.4
899,Wilton,Giraudoux,wgiraudouxoy@trellian.com,Female,161.5.72.196
900,Marlane,Cluelow,mcluelowoz@indiatimes.com,Male,182.191.34.127
901,Faydra,Lindholm,flindholmp0@reddit.com,Female,67.246.172.165
902,Melina,Gerrietz,mgerrietzp1@cmu.edu,Female,230.44.82.90
903,Denney,Achromov,dachromovp2@mtv.com,Agender,11.234.207.167
904,Sawyere,Paridge,sparidgep3@washingtonpost.com,Male,197.238.20.72
905,Errol,Rudgard,erudgardp4@hao123.com,Male,125.14.87.18
906,Barris,Denzey,bdenzeyp5@noaa.gov,Female,167.137.191.208
907,Rayshell,Yirrell,ryirrellp6@delicious.com,Female,32.133.154.92
908,Arlin,Sweetzer,asweetzerp7@bing.com,Female,145.27.110.243
909,Odelinda,Frean,ofreanp8@eepurl.com,Male,134.222.157.116
910,Kelley,Goschalk,kgoschalkp9@whitehouse.gov,Female,84.131.174.11
911,Mame,Jelf,mjelfpa@over-blog.com,Male,123.132.175.171
912,Randie,Fernihough,rfernihoughpb@tinypic.com,Female,215.48.249.210
913,Celka,Mamwell,cmamwellpc@networkadvertising.org,Male,201.183.12.203
914,Sean,Barens,sbarenspd@wordpress.com,Female,61.202.193.240
915,Carolann,Bain,cbainpe@nationalgeographic.com,Female,65.4.155.23
916,Worthington,Eykelbosch,weykelboschpf@walmart.com,Female,114.155.89.206
917,Gertruda,Kibbe,gkibbepg@php.net,Male,57.85.121.187
918,Murial,Lilloe,mlilloeph@ask.com,Male,111.214.150.134
919,Lelah,Jahnisch,ljahnischpi@theatlantic.com,Male,253.37.10.206
920,Olag,Dany,odanypj@google.de,Female,228.153.1.216
921,Maggi,McGill,mmcgillpk@cisco.com,Female,135.66.184.141
922,Fletcher,De Vaar,fdevaarpl@unblog.fr,Female,228.122.28.223
923,Elinor,Gianetti,egianettipm@blogtalkradio.com,Male,245.23.165.37
924,Floria,Dodle,fdodlepn@mediafire.com,Male,207.89.72.69
925,Tibold,Pell,tpellpo@salon.com,Female,123.19.111.74
926,Demetri,Blenkiron,dblenkironpp@walmart.com,Female,152.100.57.92
927,Humphrey,Tuminini,htumininipq@google.com.hk,Male,30.40.67.146
928,Sergio,Allison,sallisonpr@earthlink.net,Male,237.232.113.187
929,Sharlene,Waddams,swaddamsps@businessinsider.com,Male,255.178.1.140
930,Ann,Franchi,afranchipt@vinaora.com,Non-binary,75.242.51.26
931,Westleigh,Beachamp,wbeachamppu@com.com,Agender,79.135.254.33
932,Beck,Kelston,bkelstonpv@pinterest.com,Bigender,195.196.59.86
933,Jacques,Rzehor,jrzehorpw@scientificamerican.com,Bigender,203.149.68.120
934,Candis,Weatherell,cweatherellpx@yellowbook.com,Female,7.142.96.249
935,Camey,Briat,cbriatpy@senate.gov,Male,176.218.235.117
936,Demetra,Bottelstone,dbottelstonepz@cnn.com,Male,221.165.143.123
937,Franz,Dulwitch,fdulwitchq0@ning.com,Male,79.199.152.205
938,Sibby,Pearmine,spearmineq1@topsy.com,Female,29.53.223.2
939,Evelyn,Taffee,etaffeeq2@timesonline.co.uk,Male,26.94.79.233
940,Hector,Innes,hinnesq3@sogou.com,Male,58.72.11.252
941,Joyce,Pannaman,jpannamanq4@csmonitor.com,Female,37.100.223.103
942,Cally,Brewerton,cbrewertonq5@godaddy.com,Female,232.198.64.60
943,Rivy,Birkbeck,rbirkbeckq6@hubpages.com,Polygender,254.129.145.15
944,Crystal,Brownstein,cbrownsteinq7@jiathis.com,Female,248.164.114.179
945,Isaiah,Calwell,icalwellq8@gizmodo.com,Male,112.231.126.248
946,Emelen,Ibbotson,eibbotsonq9@plala.or.jp,Genderqueer,162.221.141.194
947,Carmon,Camoletto,ccamolettoqa@dagondesign.com,Female,92.238.65.104
948,Fidel,Panchin,fpanchinqb@webnode.com,Male,138.50.179.9
949,Gerrilee,Sive,gsiveqc@zimbio.com,Male,68.56.79.160
950,Griz,Delamere,gdelamereqd@hostgator.com,Male,234.83.192.70
951,Catina,Abramsky,cabramskyqe@tinypic.com,Female,251.207.164.107
952,Herminia,Le land,hlelandqf@qq.com,Female,176.130.94.158
953,Layla,Ornells,lornellsqg@goodreads.com,Male,200.234.162.140
954,Brit,Bryant,bbryantqh@java.com,Female,202.52.197.109
955,Lennard,Pygott,lpygottqi@cisco.com,Female,13.96.26.15
956,Marabel,Lawlings,mlawlingsqj@wikispaces.com,Female,123.40.233.70
957,Lorelle,Kenington,lkeningtonqk@yolasite.com,Female,45.34.245.59
958,Benjamin,Bannon,bbannonql@ycombinator.com,Male,99.212.88.83
959,Terra,Seman,tsemanqm@youku.com,Female,126.156.55.223
960,Myrta,McCaskell,mmccaskellqn@springer.com,Male,22.188.87.249
961,Sophey,Eisikowitch,seisikowitchqo@mail.ru,Female,153.110.168.210
962,Andree,Gateshill,agateshillqp@a8.net,Female,170.8.72.17
963,Sianna,Allmark,sallmarkqq@wix.com,Female,17.106.30.141
964,Hermine,Geraudel,hgeraudelqr@wikipedia.org,Male,141.156.205.202
965,Briny,Crawshay,bcrawshayqs@economist.com,Female,2.187.112.205
966,Gilda,Turtle,gturtleqt@histats.com,Male,129.73.26.48
967,Sherye,Wentworth,swentworthqu@wikispaces.com,Male,42.244.116.54
968,Kamillah,Ibeson,kibesonqv@gravatar.com,Male,9.99.107.39
969,Bret,Tallach,btallachqw@ow.ly,Female,214.122.241.104
970,Hasty,Matschke,hmatschkeqx@dagondesign.com,Male,184.24.225.98
971,Caddric,Paladino,cpaladinoqy@opera.com,Male,71.79.132.113
972,Elwyn,Darragh,edarraghqz@paginegialle.it,Female,129.94.109.233
973,Hayden,Kidds,hkiddsr0@wiley.com,Male,229.154.216.179
974,Brandi,Thrower,bthrowerr1@printfriendly.com,Male,160.30.85.177
975,Aprilette,Maciejewski,amaciejewskir2@tumblr.com,Male,165.221.213.142
976,Fleur,Jedraszczyk,fjedraszczykr3@smugmug.com,Male,54.70.223.222
977,Bertie,Brideoke,bbrideoker4@lulu.com,Male,219.132.198.126
978,Aile,Tuddenham,atuddenhamr5@nsw.gov.au,Female,26.0.96.169
979,Rad,Dudny,rdudnyr6@slashdot.org,Male,249.84.193.172
980,Gabbie,Richt,grichtr7@networksolutions.com,Female,197.215.231.25
981,Herb,Dickons,hdickonsr8@stumbleupon.com,Male,117.205.54.110
982,Maren,Eddleston,meddlestonr9@nasa.gov,Genderfluid,137.224.55.129
983,Sylvia,Haseley,shaseleyra@seesaa.net,Female,91.47.64.218
984,Noble,Mecco,nmeccorb@dropbox.com,Female,35.118.250.233
985,Koralle,Toffanini,ktoffaninirc@mapy.cz,Polygender,185.243.107.213
986,Rhetta,Janczak,rjanczakrd@github.io,Male,184.112.44.150
987,Abbott,Bates,abatesre@homestead.com,Female,144.73.105.204
988,Benji,Swannack,bswannackrf@cocolog-nifty.com,Female,49.57.169.151
989,Tremain,Pridham,tpridhamrg@joomla.org,Male,247.79.227.208
990,Carita,Innott,cinnottrh@ycombinator.com,Male,11.95.156.106
991,Torre,Balnave,tbalnaveri@networkadvertising.org,Female,69.20.162.1
992,Reinaldo,Skym,rskymrj@exblog.jp,Female,171.233.123.74
993,Abigael,Housaman,ahousamanrk@php.net,Male,99.249.97.174
994,Ellene,Atte-Stone,eattestonerl@flavors.me,Male,93.117.182.197
995,Bee,Blazey,bblazeyrm@ifeng.com,Male,248.30.175.95
996,Gaspar,Sculley,gsculleyrn@about.com,Male,118.79.209.72
997,Jemimah,Recher,jrecherro@ibm.com,Male,34.96.68.68
998,Stacia,Beagen,sbeagenrp@hc360.com,Male,33.121.104.203
999,Court,Kaubisch,ckaubischrq@who.int,Male,164.131.103.252
1000,Janis,Calender,jcalenderrr@google.ru,Male,109.178.196.79
